"Date","Delta","Events"
"2016-02-18 15:15:19.668244","2","2"
"2016-02-18 16:57:01.459875","4","4"
"2016-02-18 19:03:40.958607","5","5"
"2016-02-18 20:25:17.602207","5","5"
"2016-02-18 22:29:27.008107","3","3"
"2016-02-18 23:56:40.254232","4","4"
"2016-02-19 04:03:03.856849","1","1"
"2016-02-19 05:16:11.154132","1","1"
"2016-02-19 08:15:20.669433","2","2"
"2016-02-19 10:45:25.513761","1","1"
"2016-02-19 12:52:02.279580","1","1"
"2016-02-19 15:43:51.981244","3","3"
"2016-02-19 18:23:45.912851","1","1"
"2016-02-19 21:34:30.999766","3","3"
"2016-02-20 00:24:59.198563","2","2"
"2016-02-20 02:27:34.769582","2","2"
"2016-02-20 05:15:47.629098","1","1"
"2016-02-20 08:28:07.587353","2","2"
"2016-02-20 09:41:27.070033","1","1"
"2016-02-20 11:59:45.862892","2","4"
"2016-02-20 18:51:56.611696","1","1"
"2016-02-20 20:53:45.861308","2","2"
"2016-02-20 21:55:34.871211","1","1"
"2016-02-21 00:28:54.204098","2","2"
"2016-02-21 02:00:35.573793","1","1"
"2016-02-21 17:21:59.744814","1","1"
"2016-02-21 19:12:28.011802","2","2"
"2016-02-21 22:12:39.054689","2","2"
"2016-02-21 23:28:18.860386","3","3"
"2016-02-22 00:31:27.401984","2","2"
"2016-02-22 04:22:21.304525","1","1"
"2016-02-22 06:44:27.106638","2","2"
"2016-02-22 09:30:16.948500","1","1"
"2016-02-22 13:12:16.432569","1","1"
"2016-02-22 20:45:41.974948","1","1"
"2016-02-23 04:44:55.994014","1","1"
"2016-02-23 20:30:13.146759","1","1"
"2016-02-23 21:42:39.726084","1","1"
"2016-02-23 23:16:07.304793","2","2"
"2016-02-24 06:15:12.019813","1","1"
"2016-02-24 18:38:42.814704","1","1"
"2016-02-24 20:48:40.058137","1","1"
"2016-02-25 04:11:39.944963","1","1"
"2016-02-25 05:50:00.515447","1","1"
"2016-02-26 00:54:12.197413","1","1"
"2016-02-26 05:00:02.049172","1","1"
"2016-02-26 07:11:07.130625","2","2"
"2016-02-26 09:58:56.033950","1","1"
"2016-02-26 17:20:29.702881","1","1"
"2016-02-26 19:42:13.803139","1","1"
"2016-02-26 21:19:10.905475","1","1"
"2016-02-26 22:42:03.578310","1","1"
"2016-02-27 00:27:54.664435","1","1"
"2016-02-27 01:31:28.080717","1","1"
"2016-02-27 03:06:06.548285","1","1"
"2016-02-27 04:08:39.915139","1","1"
"2016-02-27 08:11:16.615159","1","1"
"2016-02-27 12:14:34.667939","-1","1"
"2016-02-27 15:53:28.551811","2","2"
"2016-02-27 20:01:15.864248","1","1"
"2016-02-27 23:03:57.384150","2","2"
"2016-02-28 02:39:41.664821","1","1"
"2016-02-28 06:38:29.121264","1","1"
"2016-02-28 08:32:31.999053","1","1"
"2016-02-28 13:44:38.940159","1","1"
"2016-02-28 19:17:05.678076","1","1"
"2016-02-28 21:34:10.674566","1","1"
"2016-02-28 22:41:21.923161","1","1"
"2016-02-29 10:08:19.575571","2","2"
"2016-02-29 15:10:38.972267","1","1"
"2016-02-29 22:54:31.352660","2","2"
"2016-03-01 01:53:28.235386","1","1"
"2016-03-01 04:49:26.851336","1","1"
"2016-03-01 13:45:10.121211","1","1"
"2016-03-02 00:46:49.060067","1","1"
"2016-03-02 03:01:32.098475","1","1"
"2016-03-02 10:40:35.311952","1","1"
"2016-03-02 11:44:08.299216","1","1"
"2016-03-02 15:04:30.768602","1","1"
"2016-03-03 02:13:43.659323","1","1"
"2016-03-03 04:42:37.147242","1","1"
"2016-03-04 04:36:28.527849","1","1"
"2016-03-04 06:51:22.230077","1","1"
"2016-03-04 22:18:08.300225","1","1"
"2016-03-05 05:44:52.692962","1","1"
"2016-03-05 07:39:04.532008","1","1"
"2016-03-05 09:55:28.263954","1","1"
"2016-03-05 15:18:43.956406","1","1"
"2016-03-05 18:04:31.551801","1","1"
"2016-03-05 22:06:34.217355","1","1"
"2016-03-05 23:34:11.315902","1","1"
"2016-03-06 13:38:51.106059","2","2"
"2016-03-07 14:43:38.036539","-1","1"
"2016-03-07 21:09:02.623958","1","1"
"2016-03-08 01:35:46.965963","1","1"
"2016-03-08 12:03:50.945429","1","1"
"2016-03-08 17:42:33.937380","1","1"
"2016-03-09 01:20:20.659286","1","1"
"2016-03-09 12:55:33.990882","1","1"
"2016-03-09 16:02:36.600628","1","1"
"2016-03-09 23:48:36.875262","1","1"
"2016-03-10 11:06:13.563598","1","1"
"2016-03-10 13:05:40.665403","1","1"
"2016-03-10 17:43:03.068478","1","1"
"2016-03-11 09:42:44.775677","1","1"
"2016-03-11 15:04:57.416013","1","1"
"2016-03-11 18:57:40.584326","1","1"
"2016-03-12 06:25:08.640846","1","1"
"2016-03-12 08:43:42.727415","2","2"
"2016-03-12 11:26:37.901000","1","1"
"2016-03-12 12:47:18.127395","1","1"
"2016-03-13 09:43:14.373990","1","1"
"2016-03-13 14:40:57.367379","-1","1"
"2016-03-13 17:18:24.540311","1","1"
"2016-03-14 07:17:18.790554","1","1"
"2016-03-14 21:07:26.330205","2","2"
"2016-03-14 23:42:11.321506","1","1"
"2016-03-15 12:24:09.182872","1","1"
"2016-03-15 18:31:01.928174","1","1"
"2016-03-15 22:03:28.751002","1","1"
"2016-03-16 05:49:28.570888","1","1"
"2016-03-16 14:08:24.670750","1","1"
"2016-03-16 19:19:05.110163","2","2"
"2016-03-17 01:09:36.872513","2","2"
"2016-03-17 07:41:48.558465","1","1"
"2016-03-17 09:29:58.713302","2","2"
"2016-03-17 12:47:13.318785","1","1"
"2016-03-17 16:53:03.023034","1","1"
"2016-03-17 23:25:07.428011","1","1"
"2016-03-19 14:26:47.523875","1","1"
"2016-03-19 18:18:26.362102","1","1"
"2016-03-20 06:08:55.688057","1","1"
"2016-03-20 12:44:06.597315","1","1"
"2016-03-20 23:37:49.265051","1","1"
"2016-03-21 20:10:34.985772","1","1"
"2016-03-22 01:59:09.451778","2","2"
"2016-03-22 14:40:14.674207","1","1"
"2016-03-22 20:15:58.072178","1","1"
"2016-03-22 22:16:15.847400","1","1"
"2016-03-23 16:05:46.661250","1","1"
"2016-03-24 10:45:02.932520","1","1"
"2016-03-25 01:33:14.562545","1","1"
"2016-03-26 12:08:25.025359","1","1"
"2016-03-26 15:45:38.960316","1","1"
"2016-03-26 17:02:37.808862","1","1"
"2016-03-26 19:01:51.021974","1","1"
"2016-03-27 00:55:31.432172","1","1"
"2016-03-27 07:36:32.776685","1","1"
"2016-03-27 09:20:46.241956","1","1"
"2016-03-27 17:23:45.278826","1","1"
"2016-03-28 01:25:34.700536","1","1"
"2016-03-29 00:29:23.180388","1","1"
"2016-03-29 15:18:44.612304","1","1"
"2016-03-29 23:23:42.078618","1","1"
"2016-03-30 11:19:11.389076","1","1"
"2016-03-30 20:41:03.781331","1","1"
"2016-03-30 23:08:57.253198","2","2"
"2016-03-31 03:39:09.690404","2","2"
"2016-03-31 09:37:12.140115","1","1"
"2016-03-31 10:44:53.880054","1","1"
"2016-03-31 21:41:58.856681","1","1"
"2016-04-01 09:27:54.886268","1","1"
"2016-04-01 16:04:31.193075","1","1"
"2016-04-01 22:49:13.691664","1","1"
"2016-04-02 03:42:14.404560","1","1"
"2016-04-03 11:54:27.407467","1","1"
"2016-04-03 17:00:43.646186","1","1"
"2016-04-03 20:15:32.760195","1","1"
"2016-04-04 03:33:05.294988","1","1"
"2016-04-04 07:58:29.298528","1","1"
"2016-04-05 01:19:23.694895","1","1"
"2016-04-05 10:58:20.367905","1","1"
"2016-04-05 15:06:12.429204","1","1"
"2016-04-05 18:43:14.478498","1","1"
"2016-04-06 02:02:09.638901","1","1"
"2016-04-06 19:13:34.770403","1","1"
"2016-04-07 15:31:28.751886","1","1"
"2016-04-08 01:54:29.536031","1","1"
"2016-04-08 09:58:13.995878","1","1"
"2016-04-08 15:49:09.179452","1","1"
"2016-04-09 08:40:06.144434","1","1"
"2016-04-09 17:22:19.587840","1","1"
"2016-04-09 18:46:50.649167","1","1"
"2016-04-10 00:05:16.680099","1","1"
"2016-04-10 04:20:25.328406","1","1"
"2016-04-10 06:21:37.890346","1","1"
"2016-04-10 12:27:52.501936","1","1"
"2016-04-11 04:46:43.025917","1","1"
"2016-04-11 09:36:57.442711","1","1"
"2016-04-11 15:23:48.078942","1","1"
"2016-04-11 17:12:47.663549","1","1"
"2016-04-12 11:43:01.386501","1","1"
"2016-04-13 02:08:02.530144","1","1"
"2016-04-13 07:17:43.304222","1","1"
"2016-04-13 08:49:55.279949","1","1"
"2016-04-13 20:21:18.356482","1","1"
"2016-04-14 16:15:21.795247","1","1"
"2016-04-15 01:06:06.135246","1","1"
"2016-04-15 06:05:19.276831","1","1"
"2016-04-15 21:51:16.202289","1","1"
"2016-04-16 13:03:37.104780","1","1"
"2016-04-16 14:08:52.754082","2","2"
"2016-04-17 17:33:44.053771","1","1"
"2016-04-17 23:28:16.125016","1","1"
"2016-04-18 02:37:49.206787","1","1"
"2016-04-18 10:47:16.617406","1","1"
"2016-04-18 23:09:36.747657","1","1"
"2016-04-20 00:13:29.020016","1","1"
"2016-04-20 11:34:18.108705","1","1"
"2016-04-20 14:46:03.160804","1","1"
"2016-04-20 16:31:06.461057","1","1"
"2016-04-20 19:17:30.645178","1","1"
"2016-04-20 21:42:02.652332","1","1"
"2016-04-21 01:00:39.191362","1","1"
"2016-04-21 03:51:54.037656","1","1"
"2016-04-21 11:18:44.800288","1","1"
"2016-04-21 14:05:43.796250","1","1"
"2016-04-21 15:38:39.074982","3","3"
"2016-04-21 16:46:20.679418","1","1"
"2016-04-21 18:01:31.910715","-1","1"
"2016-04-22 03:12:55.761056","1","1"
"2016-04-22 10:17:26.191092","1","1"
"2016-04-22 11:52:11.892166","1","1"
"2016-04-22 18:58:53.860638","1","1"
"2016-04-22 20:08:52.238170","1","1"
"2016-04-22 22:28:29.502959","1","1"
"2016-04-23 17:15:41.732408","1","5"
"2016-04-23 18:17:57.965908","2","2"
"2016-04-23 19:42:26.093261","1","1"
"2016-04-23 23:48:58.594835","1","1"
"2016-04-24 00:58:42.351760","1","1"
"2016-04-24 02:00:48.213520","2","2"
"2016-04-24 03:15:29.357450","1","1"
"2016-04-24 04:46:51.042354","1","1"
"2016-04-24 05:59:30.004173","2","2"
"2016-04-24 11:43:02.967349","2","2"
"2016-04-24 14:02:44.458426","1","1"
"2016-04-24 17:03:27.101699","4","4"
"2016-04-24 20:01:50.813805","1","1"
"2016-04-24 22:40:07.000863","1","1"
"2016-04-25 01:06:04.028675","0","2"
"2016-04-25 04:04:22.574440","3","3"
"2016-04-25 05:49:29.601935","1","1"
"2016-04-25 08:00:19.984079","1","1"
"2016-04-25 09:42:51.335239","1","1"
"2016-04-25 10:52:57.871726","1","1"
"2016-04-25 11:57:17.162787","1","1"
"2016-04-25 14:36:22.058313","1","1"
"2016-04-25 15:49:32.334569","1","1"
"2016-04-25 19:51:36.845816","1","1"
"2016-04-26 01:38:00.305624","1","1"
"2016-04-26 03:05:11.745700","1","1"
"2016-04-26 06:45:07.612046","1","1"
"2016-04-26 10:42:36.142951","1","1"
"2016-04-26 23:28:39.149001","3","3"
"2016-04-27 02:08:07.974717","1","1"
"2016-04-27 03:32:25.804433","1","1"
"2016-04-27 10:11:47.893816","1","1"
"2016-04-27 12:14:37.760608","1","1"
"2016-04-28 02:16:48.821782","1","1"
"2016-04-28 09:15:24.119937","1","1"
"2016-04-28 23:18:38.831066","-1","1"
"2016-04-29 02:55:47.872983","2","2"
"2016-04-29 05:40:23.708521","1","1"
"2016-04-29 15:23:07.397020","1","1"
"2016-04-29 23:47:44.267196","1","1"
"2016-04-30 05:44:25.254914","1","1"
"2016-04-30 11:16:24.956037","1","1"
"2016-04-30 13:27:03.998281","1","1"
"2016-04-30 14:49:31.123789","1","1"
"2016-04-30 18:21:14.530248","1","1"
"2016-04-30 19:24:00.241498","2","2"
"2016-04-30 20:24:26.939006","4","4"
"2016-04-30 21:28:58.274034","4","4"
"2016-04-30 22:59:09.818392","3","3"
"2016-05-01 04:54:24.252660","1","3"
"2016-05-01 05:56:50.121705","1","1"
"2016-05-01 07:13:18.169094","2","2"
"2016-05-01 13:14:47.078545","3","3"
"2016-05-01 16:37:28.963202","2","2"
"2016-05-01 18:18:42.179493","4","4"
"2016-05-01 20:24:38.811485","1","1"
"2016-05-01 21:33:06.559516","1","1"
"2016-05-01 22:41:01.558550","2","4"
"2016-05-02 03:16:01.200656","3","3"
"2016-05-02 06:22:47.649714","1","1"
"2016-05-02 07:42:43.919847","1","1"
"2016-05-02 12:34:16.443968","2","4"
"2016-05-02 14:13:00.523010","2","2"
"2016-05-02 15:27:53.548842","1","1"
"2016-05-02 16:48:14.001135","2","2"
"2016-05-02 18:26:40.543538","2","2"
"2016-05-02 23:33:38.641174","3","3"
"2016-05-03 11:15:58.311249","-1","1"
"2016-05-03 15:28:54.339041","1","1"
"2016-05-03 16:59:05.083078","1","1"
"2016-05-03 21:55:27.737806","1","1"
"2016-05-03 23:47:43.213982","1","1"
"2016-05-04 02:11:58.366959","1","1"
"2016-05-04 07:33:44.610518","2","2"
"2016-05-04 15:18:07.890327","2","2"
"2016-05-04 18:31:46.071658","1","1"
"2016-05-04 22:13:41.359179","1","1"
"2016-05-05 13:00:07.857107","1","1"
"2016-05-05 19:30:37.823293","1","1"
"2016-05-05 20:40:43.796273","2","2"
"2016-05-06 08:29:11.748979","2","2"
"2016-05-06 12:47:21.019736","2","2"
"2016-05-06 13:53:07.064622","1","1"
"2016-05-06 19:07:34.851767","1","1"
"2016-05-06 22:00:29.878301","1","1"
"2016-05-07 00:52:24.933410","2","2"
"2016-05-07 08:30:43.990702","1","1"
"2016-05-07 11:24:20.591031","1","1"
"2016-05-07 17:18:15.366685","1","1"
"2016-05-07 20:17:16.917214","1","1"
"2016-05-07 21:20:02.484830","1","1"
"2016-05-07 23:57:35.663428","2","2"
"2016-05-08 01:09:13.197719","1","1"
"2016-05-08 10:51:19.419643","0","4"
"2016-05-08 14:45:36.726376","1","1"
"2016-05-08 16:19:01.932051","1","1"
"2016-05-09 02:20:56.394624","1","1"
"2016-05-09 06:58:17.287410","1","1"
"2016-05-10 06:45:20.766160","1","1"
"2016-05-10 23:35:45.109723","1","1"
"2016-05-11 02:08:22.496954","1","1"
"2016-05-11 10:23:59.960097","1","1"
"2016-05-11 12:32:05.293989","0","2"
"2016-05-11 18:13:10.533387","1","1"
"2016-05-11 21:35:47.162973","1","1"
"2016-05-12 10:57:41.755283","1","1"
"2016-05-13 01:06:21.478631","0","2"
"2016-05-13 18:20:02.408398","1","1"
"2016-05-13 21:40:56.395224","1","1"
"2016-05-14 05:24:33.686728","2","2"
"2016-05-15 12:29:10.874559","2","2"
"2016-05-15 17:28:07.962858","1","1"
"2016-05-16 14:36:46.277862","1","1"
"2016-05-16 22:06:38.961668","0","2"
"2016-05-17 00:24:21.944840","-1","1"
"2016-05-18 09:27:03.196629","1","1"
"2016-05-18 15:01:56.114724","1","1"
"2016-05-18 18:25:47.583112","3","3"
"2016-05-18 22:19:38.940379","1","1"
"2016-05-19 11:47:54.706286","-1","1"
"2016-05-20 01:29:07.627139","1","1"
"2016-05-20 14:01:51.838116","3","3"
"2016-05-21 16:38:16.338570","1","1"
"2016-05-21 18:33:27.355194","1","1"
"2016-05-21 19:59:38.303666","1","1"
"2016-05-23 21:42:31.986444","-1","1"
"2016-05-24 00:42:48.705450","1","1"
"2016-05-25 18:07:46.379876","1","1"
"2016-05-26 16:15:44.014568","0","2"
"2016-05-26 17:51:05.544840","1","1"
"2016-05-27 00:19:54.890752","1","1"
"2016-05-27 09:57:52.861668","1","1"
"2016-05-27 22:05:26.180171","1","1"
"2016-05-28 17:04:54.044517","1","1"
"2016-05-28 20:38:36.454097","1","1"
"2016-05-29 06:12:45.290945","1","1"
"2016-05-30 08:44:06.256630","1","1"
"2016-05-30 18:34:15.415555","1","1"
"2016-05-31 14:35:18.178226","1","1"
"2016-05-31 20:27:15.873131","1","1"
"2016-06-01 05:19:59.895577","1","1"
"2016-06-02 13:51:33.725751","1","1"
"2016-06-02 20:22:55.496507","1","1"
"2016-06-03 01:01:48.302216","1","1"
"2016-06-03 04:20:34.271258","1","1"
"2016-06-03 05:34:48.314953","1","1"
"2016-06-06 08:17:28.010078","1","1"
"2016-06-06 15:49:27.657465","1","1"
"2016-06-06 22:23:53.710548","1","1"
"2016-06-08 01:14:45.019461","1","1"
"2016-06-09 18:13:04.428626","1","1"
"2016-06-11 07:35:12.164863","2","2"
"2016-06-12 16:38:03.334526","1","1"
"2016-06-13 07:20:23.594565","1","1"
"2016-06-13 22:24:22.987081","1","1"
"2016-06-14 20:04:20.965843","1","1"
"2016-06-16 01:43:47.380454","1","1"
"2016-06-17 15:32:27.598497","1","1"
"2016-06-18 13:02:02.870432","1","1"
"2016-06-19 22:01:23.556242","2","2"
"2016-06-20 13:02:01.937344","1","1"
"2016-06-22 14:53:02.822108","1","1"
"2016-06-22 19:40:31.870797","-1","1"
"2016-06-23 19:22:35.883943","1","1"
"2016-06-24 01:26:13.266756","1","1"
"2016-06-24 03:30:54.168619","1","1"
"2016-06-24 16:17:21.912918","1","1"
"2016-06-24 18:12:45.490220","2","2"
"2016-06-25 01:41:57.268696","1","1"
"2016-06-25 12:28:38.939807","2","2"
"2016-06-25 17:50:10.461668","1","1"
"2016-06-25 20:33:51.488416","1","1"
"2016-06-26 02:42:20.936517","1","1"
"2016-06-26 04:44:17.547028","1","1"
"2016-06-26 07:33:18.455491","2","2"
"2016-06-26 21:47:28.396819","1","1"
"2016-06-26 22:51:39.883709","1","1"
"2016-06-27 07:16:45.908822","1","1"
"2016-06-27 09:18:08.630577","1","1"
"2016-06-27 22:43:25.300139","1","1"
"2016-06-28 11:20:32.715573","1","1"
"2016-06-28 17:32:20.746553","1","1"
"2016-06-29 07:58:01.535223","1","1"
"2016-06-30 14:03:10.059919","1","1"
"2016-06-30 16:05:40.302637","1","1"
"2016-06-30 20:53:30.342522","1","1"
"2016-07-01 17:02:36.224436","1","1"
"2016-07-01 20:31:15.379897","2","2"
"2016-07-03 00:35:46.994057","2","2"
"2016-07-03 12:33:32.675339","1","1"
"2016-07-03 15:45:27.544224","-1","1"
"2016-07-04 10:30:04.476356","1","1"
"2016-07-04 17:18:26.772579","1","1"
"2016-07-05 19:59:39.429742","1","1"
"2016-07-06 13:37:13.553798","1","1"
"2016-07-06 19:08:30.915563","2","2"
"2016-07-07 15:35:24.210033","1","1"
"2016-07-08 01:12:48.882299","1","1"
"2016-07-08 09:22:18.605170","1","1"
"2016-07-08 21:30:22.313984","1","1"
"2016-07-09 16:40:30.160748","1","1"
"2016-07-10 01:51:47.010022","1","1"
"2016-07-11 01:37:37.270051","1","1"
"2016-07-13 18:17:41.564732","1","1"
"2016-07-14 10:10:50.105651","1","1"
"2016-07-15 07:13:14.948160","1","1"
"2016-07-15 09:43:03.421687","1","1"
"2016-07-16 03:51:39.510644","1","1"
"2016-07-16 13:24:26.440174","1","1"
"2016-07-17 04:46:47.089058","1","1"
"2016-07-17 18:09:44.193652","1","1"
"2016-07-17 19:38:57.075982","1","1"
"2016-07-18 03:22:11.875309","1","1"
"2016-07-18 10:36:11.677301","1","1"
"2016-07-18 15:34:54.627844","1","1"
"2016-07-20 08:20:39.537808","0","2"
"2016-07-21 17:34:02.645557","2","2"
"2016-07-23 03:33:01.389748","1","1"
"2016-07-23 18:29:33.370255","1","1"
"2016-07-26 05:25:02.597569","1","1"
"2016-07-26 14:56:58.961822","1","1"
"2016-07-27 21:14:00.193543","1","1"
"2016-07-27 22:33:42.740445","1","1"
"2016-08-02 14:44:36.187129","1","1"
"2016-08-02 21:00:44.972107","1","1"
"2016-08-02 23:29:21.982604","1","1"
"2016-08-03 20:41:19.943909","1","1"
"2016-08-05 15:56:26.815291","1","1"
"2016-08-05 18:23:53.493452","1","1"
"2016-08-07 15:00:29.626028","1","1"
"2016-08-10 23:34:26.047157","1","1"
"2016-08-13 09:41:34.565801","-1","1"
"2016-08-14 19:10:33.794889","1","1"
"2016-08-17 01:27:57.030712","1","1"
"2016-08-21 06:31:31.674746","1","1"
"2016-08-22 00:42:56.301935","2","2"
"2016-08-25 23:23:30.065423","1","1"
"2016-08-26 03:02:53.246327","1","1"
"2016-08-30 04:46:35.140296","-1","1"
"2016-08-31 02:02:12.448768","1","1"
"2016-08-31 14:59:31.743793","1","1"
"2016-09-03 07:08:14.800405","1","1"
"2016-09-04 01:42:56.113087","1","1"
"2016-09-04 10:01:09.325354","-1","1"
"2016-09-05 17:24:08.129448","1","1"
"2016-09-06 03:05:04.573976","1","1"
"2016-09-09 11:17:46.416186","1","1"
"2016-09-10 16:48:41.430235","1","1"
"2016-09-13 03:46:51.943807","1","1"
"2016-09-13 20:15:11.161034","1","1"
"2016-09-14 16:59:25.779879","1","1"
"2016-09-16 10:19:36.759208","1","1"
"2016-09-24 23:19:49.933725","2","2"
"2016-09-25 09:45:23.213310","1","1"
"2016-09-28 18:17:58.092000","1","1"
"2016-09-30 00:13:31.464199","1","1"
"2016-09-30 02:41:06.205870","1","1"
"2016-09-30 05:57:21.508542","1","1"
"2016-10-03 05:48:04.288723","1","1"
"2016-10-05 02:18:16.754802","1","1"
"2016-10-05 23:51:59.310900","1","1"
"2016-10-07 13:17:47.799453","-1","1"
"2016-10-09 09:19:52.637350","1","1"
"2016-10-09 12:24:43.743055","1","1"
"2016-10-12 04:39:36.938968","1","1"
"2016-10-12 07:53:21.282895","1","1"
"2016-10-12 16:28:11.784869","1","1"
"2016-10-13 03:14:42.967169","1","1"
"2016-10-13 14:57:29.705688","1","1"
"2016-10-15 19:09:39.351356","1","1"
"2016-10-15 22:24:38.273584","1","1"
"2016-10-16 02:20:04.013337","1","1"
"2016-10-16 07:29:18.495297","2","2"
"2016-10-16 23:48:35.049440","1","1"
"2016-10-17 12:43:36.678383","1","1"
"2016-10-17 16:37:32.407908","1","1"
"2016-10-18 21:23:15.629481","1","1"
"2016-10-19 05:17:42.645500","1","1"
"2016-10-19 16:52:49.956794","1","1"
"2016-10-20 05:41:49.339747","1","1"
"2016-10-21 03:22:04.277429","0","2"
"2016-10-23 02:14:24.939238","1","1"
"2016-10-23 08:36:01.133106","-1","3"
"2016-10-23 23:23:17.576250","1","1"
"2016-10-24 00:34:23.416725","0","2"
"2016-10-24 22:04:22.527545","1","1"
"2016-10-27 20:12:26.973376","0","2"
"2016-10-28 21:15:17.804010","1","1"
"2016-10-29 06:00:31.348372","1","1"
"2016-10-29 15:56:15.843029","0","2"
"2016-10-30 00:27:56.909577","1","1"
"2016-11-01 10:47:01.430146","1","1"
"2016-11-01 13:34:17.504376","1","1"
"2016-11-01 15:45:07.718670","-1","1"
"2016-11-01 22:50:25.173987","1","1"
"2016-11-03 20:50:02.230323","1","1"
"2016-11-04 19:09:48.976038","1","1"
"2016-11-04 22:19:26.557836","1","1"
"2016-11-05 11:12:50.041701","1","1"
"2016-11-06 18:02:45.718397","0","2"
"2016-11-07 14:41:36.574210","1","1"
"2016-11-10 04:45:01.270408","1","1"
"2016-11-10 19:43:29.254372","1","1"
"2016-11-11 08:26:01.288519","1","1"
"2016-11-11 10:53:03.401631","1","1"
"2016-11-11 20:15:07.493165","1","1"
"2016-11-12 19:19:49.750137","1","1"
"2016-11-13 07:00:19.598989","1","1"
"2016-11-13 12:08:38.405925","1","1"
"2016-11-13 19:50:09.121360","1","1"
"2016-11-14 00:57:22.970634","1","1"
"2016-11-15 15:33:51.084467","2","2"
"2016-11-18 17:39:58.681941","1","1"
"2016-11-19 15:19:23.273967","1","1"
"2016-11-20 11:15:55.164719","1","1"
"2016-11-22 18:05:05.519178","1","1"
"2016-11-22 22:20:23.657499","1","1"
"2016-11-26 10:49:42.057637","1","1"
"2016-11-28 18:16:58.710698","1","1"
"2016-12-01 03:38:33.818555","1","1"
"2016-12-04 18:10:44.785635","1","1"
"2016-12-04 21:22:44.762517","1","1"
"2016-12-07 02:19:27.124887","1","1"
"2016-12-08 18:10:39.531622","1","1"
"2016-12-08 19:57:37.485324","-1","1"
"2016-12-09 01:23:02.087915","1","1"
"2016-12-09 08:29:53.838794","-1","1"
"2016-12-11 11:11:11.808818","1","1"
"2016-12-11 15:39:22.731186","1","1"
"2016-12-12 09:09:05.620211","1","1"
"2016-12-14 06:30:05.049759","1","1"
"2016-12-16 02:00:37.104181","1","1"
"2016-12-16 05:20:26.571437","1","1"
"2016-12-16 15:46:24.281029","1","1"
"2016-12-16 23:00:09.665612","2","2"
"2016-12-17 18:33:58.102760","1","1"
"2016-12-18 00:17:24.562055","-1","1"
"2016-12-18 03:50:37.012354","2","2"
"2016-12-18 05:46:32.234913","1","1"
"2016-12-18 12:25:55.466338","1","1"
"2016-12-18 18:57:19.117557","1","1"
"2016-12-18 23:56:20.000554","1","1"
"2016-12-19 07:44:22.045488","1","1"
"2016-12-22 18:51:45.048171","2","2"
"2016-12-24 02:35:37.731028","1","1"
"2016-12-24 04:25:38.928880","1","1"
"2016-12-24 23:37:35.278249","1","1"
"2016-12-25 17:46:28.915198","1","1"
"2016-12-27 07:20:42.689341","1","1"
"2016-12-27 10:53:15.141870","1","1"
"2016-12-28 15:29:28.326619","-1","1"
"2016-12-31 23:09:23.588939","-1","1"
"2017-01-02 03:06:31.162649","1","1"
"2017-01-04 18:58:36.816704","1","1"
"2017-01-07 00:30:35.264566","-1","1"
"2017-01-14 03:44:45.069557","1","1"
"2017-01-14 07:42:59.629902","1","1"
"2017-01-17 04:25:10.351366","-1","1"
"2017-01-18 17:44:05.441452","1","3"
"2017-01-20 19:41:21.433601","2","2"
"2017-01-24 02:22:47.758739","1","1"
"2017-01-24 06:22:24.096651","1","1"
"2017-01-24 08:16:31.985052","1","1"
"2017-01-25 10:20:30.622327","1","1"
"2017-01-25 16:01:40.435473","-1","1"
"2017-01-25 21:42:05.430573","1","1"
"2017-01-26 00:14:21.516219","1","1"
"2017-01-26 14:55:58.734567","1","1"
"2017-01-26 17:56:21.421612","1","1"
"2017-01-27 01:20:19.641454","3","3"
"2017-01-31 04:41:30.491496","1","1"
"2017-02-02 22:05:22.132408","1","1"
"2017-02-03 21:21:11.718416","0","2"
"2017-02-05 16:46:34.830528","1","1"
"2017-02-05 19:20:19.553953","1","1"
"2017-02-09 00:16:42.143861","1","1"
"2017-02-10 00:13:20.278494","1","1"
"2017-02-12 06:10:44.585212","2","2"
"2017-02-12 12:23:59.695288","1","1"
"2017-02-14 17:35:46.893085","-1","1"
"2017-02-16 01:04:00.404958","1","1"
"2017-02-19 05:08:50.953056","1","1"
"2017-02-20 15:49:43.895350","1","1"
"2017-02-20 18:29:49.621436","-1","1"
"2017-02-26 16:16:14.889942","1","1"
"2017-02-26 22:11:57.949748","1","1"
"2017-02-27 18:44:10.613487","1","1"
"2017-02-27 22:45:42.012490","1","1"
"2017-02-28 02:42:41.891778","1","1"
"2017-03-02 02:06:20.453351","1","1"
"2017-03-02 08:38:10.147133","1","1"
"2017-03-04 15:20:25.864521","1","1"
"2017-03-05 18:00:26.671501","1","1"
"2017-03-10 01:37:11.045085","-1","1"
"2017-03-12 17:15:53.734920","2","2"
"2017-03-23 02:36:47.489706","-1","1"
"2017-03-25 13:41:57.446529","1","1"
"2017-03-27 16:07:34.740482","-1","1"
"2017-03-29 08:31:57.070135","-1","1"
"2017-03-31 07:07:10.834434","1","1"
"2017-04-01 10:20:54.035496","1","1"
"2017-04-01 16:08:08.587272","1","1"
"2017-04-10 10:06:21.098003","1","1"
"2017-04-16 17:32:34.269633","1","1"
"2017-04-22 21:02:27.534946","1","1"
"2017-04-24 15:55:33.129113","1","1"
"2017-04-24 20:58:57.197211","1","1"
"2017-05-01 08:05:53.699147","-1","1"
"2017-05-01 14:01:05.490041","1","1"
"2017-05-07 00:04:30.666858","-1","1"
"2017-05-07 03:47:24.416992","1","1"
"2017-05-11 05:46:15.485482","1","1"
"2017-05-11 19:07:27.333543","1","1"
"2017-05-12 16:51:37.304720","1","1"
"2017-05-13 00:19:28.982045","1","1"
"2017-05-17 23:00:34.892051","1","1"
"2017-05-19 08:27:27.255325","1","1"
"2017-05-22 00:50:25.640499","-1","1"
"2017-05-23 12:19:57.587601","0","2"
"2017-05-26 22:31:26.990827","1","1"
"2017-05-28 00:40:09.011457","-1","1"
"2017-05-28 02:33:37.988228","2","2"
"2017-05-28 18:07:51.534023","1","1"
"2017-05-28 20:32:45.089015","0","2"
"2017-05-29 08:24:04.696626","2","2"
"2017-05-30 20:27:02.694539","1","1"
"2017-05-30 22:49:42.684781","1","1"
"2017-06-01 05:07:39.909687","1","1"
"2017-06-01 18:55:13.085328","-1","1"
"2017-06-02 12:06:41.966198","1","1"
"2017-06-03 14:49:32.302004","1","1"
"2017-06-04 12:26:12.830892","-1","1"
"2017-06-05 12:09:33.297803","1","1"
"2017-06-06 00:12:12.767396","1","1"
"2017-06-08 04:55:51.594596","1","1"
"2017-06-08 10:48:40.411629","1","1"
"2017-06-09 14:27:10.770245","1","1"
"2017-06-09 16:04:08.795991","3","3"
"2017-06-10 20:41:05.936438","1","1"
"2017-06-14 14:18:12.144529","1","1"
"2017-06-17 01:13:09.583289","1","1"
"2017-06-18 05:00:49.440020","1","1"
"2017-06-28 13:54:14.251269","1","1"
"2017-07-03 05:48:07.516374","1","1"
"2017-07-04 03:00:56.782923","1","1"
"2017-07-08 12:20:32.569843","1","1"
"2017-07-09 17:18:12.587971","1","1"
"2017-07-09 19:34:30.695872","-1","1"
"2017-07-09 21:44:25.038505","1","1"
"2017-07-11 19:03:34.125417","1","1"
"2017-07-13 02:02:30.810431","1","1"
"2017-07-15 16:05:25.449204","1","1"
"2017-07-15 23:15:30.605006","1","1"
"2017-07-16 18:14:35.915842","1","1"
"2017-07-16 21:11:19.855386","1","1"
"2017-07-17 16:45:52.825142","1","1"
"2017-07-19 22:21:05.550218","-1","1"
"2017-07-21 11:21:00.606392","1","1"
"2017-07-23 07:32:47.759172","1","1"
"2017-07-23 18:48:42.622905","1","1"
"2017-07-23 21:41:12.874717","2","2"
"2017-07-29 03:00:18.402101","1","1"
"2017-07-30 21:24:38.117149","1","1"
"2017-08-01 20:32:07.434401","-1","1"
"2017-08-03 12:27:12.652045","1","1"
"2017-08-08 04:10:39.402064","1","1"
"2017-08-09 21:14:22.374443","1","1"
"2017-08-10 00:27:52.019644","1","1"
"2017-08-10 20:24:25.796033","1","1"
"2017-08-17 21:59:56.228319","-1","1"
"2017-08-20 12:03:17.005097","-1","1"
"2017-08-20 18:51:14.623699","1","1"
"2017-08-25 03:59:47.479483","0","2"
"2017-08-27 21:15:37.231913","1","1"
"2017-09-01 19:57:51.121157","1","1"
"2017-09-05 14:16:25.085462","0","2"
"2017-09-07 00:25:36.040348","1","1"
"2017-09-09 23:09:21.262193","1","1"
"2017-09-13 18:26:35.482795","1","1"
"2017-09-17 02:56:12.084025","1","1"
"2017-09-17 15:31:48.194163","1","1"
"2017-09-19 21:13:15.904376","1","1"
"2017-09-21 00:04:15.960967","2","2"
"2017-10-01 03:53:34.702655","1","1"
"2017-10-01 20:39:26.738969","1","1"
"2017-10-03 13:00:18.117212","1","1"
"2017-10-07 06:06:30.693742","-1","1"
"2017-10-12 19:36:00.857360","1","1"
"2017-10-13 18:43:35.357897","1","1"
"2017-10-14 01:10:13.381651","1","1"
"2017-10-14 11:04:33.541047","1","1"
"2017-10-14 19:11:32.378028","2","2"
"2017-10-15 04:48:23.207393","1","1"
"2017-10-16 02:21:21.609551","1","1"
"2017-10-16 18:25:15.143081","1","1"
"2017-10-18 08:49:54.870404","1","1"
"2017-10-21 20:15:21.320679","1","1"
"2017-10-25 05:05:04.414578","1","1"
"2017-10-26 00:29:12.161055","1","1"
"2017-10-26 19:26:01.057243","1","1"
"2017-10-28 16:56:52.577673","1","1"
"2017-10-29 16:29:28.620083","-1","1"
"2017-10-30 02:41:03.734419","-1","1"
"2017-11-07 15:05:45.026510","1","1"
"2017-11-11 21:47:29.508278","0","2"
"2017-11-26 13:30:51.066580","1","1"
"2017-11-26 15:34:31.711281","1","1"
"2017-11-27 09:29:30.758880","-1","1"
"2017-11-30 20:30:41.938046","1","1"
"2017-12-03 05:10:00.143177","1","1"
"2017-12-10 12:56:53.958273","1","1"
"2017-12-11 00:10:22.695320","-1","1"
"2017-12-12 04:03:42.250367","-1","1"
"2017-12-12 22:15:25.268817","2","2"
"2017-12-17 12:05:30.992589","1","1"
"2017-12-17 15:55:21.674392","1","1"
"2017-12-23 07:32:03.250818","1","1"
"2017-12-24 23:59:49.299238","1","1"
"2017-12-26 15:13:28.891656","-1","1"
"2017-12-31 08:17:45.063533","1","1"
"2018-01-04 19:50:42.354191","1","1"
"2018-01-06 19:47:42.699719","1","1"
"2018-01-07 01:40:31.282249","1","1"
"2018-01-07 21:39:30.034739","-1","1"
"2018-01-08 15:40:55.117170","1","1"
"2018-01-18 09:09:13.146992","1","1"
"2018-01-22 00:04:51.444007","1","1"
"2018-01-22 23:51:04.298767","1","1"
"2018-01-24 18:19:27.444961","1","1"
"2018-01-28 01:59:59.456812","1","1"
"2018-01-30 01:41:37.314432","-1","1"
"2018-01-31 01:25:48.555869","1","1"
"2018-02-01 01:01:13.246275","1","1"
"2018-02-01 04:53:09.156610","1","1"
"2018-02-04 06:56:42.367749","1","1"
"2018-02-09 06:16:40.460331","1","1"
"2018-02-10 09:46:12.533150","0","2"
"2018-02-17 06:19:37.206309","1","1"
"2018-02-18 04:25:21.631672","1","1"
"2018-02-18 14:34:19.580106","1","1"
"2018-02-20 23:46:44.059739","-1","1"
"2018-02-21 09:46:45.337563","1","1"
"2018-02-23 00:28:05.571053","1","1"
"2018-02-23 15:12:32.871911","1","1"
"2018-02-25 18:49:29.716962","1","1"
"2018-02-27 01:23:37.059506","1","1"
"2018-03-06 13:09:40.243044","-1","1"
"2018-03-08 00:28:08.954863","1","1"
"2018-03-08 04:01:05.658820","-1","1"
"2018-03-08 07:07:07.588892","1","1"
"2018-03-08 10:53:41.718083","1","1"
"2018-03-08 17:33:56.741749","1","1"
"2018-03-08 21:08:58.155097","1","1"
"2018-03-10 08:38:32.477822","1","1"
"2018-03-12 01:54:51.521451","1","1"
"2018-03-14 22:43:14.483164","-1","1"
"2018-03-15 03:47:04.266027","1","1"
"2018-03-15 08:57:36.618667","1","1"
"2018-03-16 06:20:31.518287","1","1"
"2018-03-16 17:00:33.001873","1","1"
"2018-03-17 06:06:29.892127","1","1"
"2018-03-17 12:40:24.451836","1","1"
"2018-03-18 00:50:15.244862","-1","1"
"2018-03-18 05:45:47.849252","1","1"
"2018-03-18 18:15:46.797045","1","1"
"2018-03-18 23:46:19.075000","1","1"
"2018-03-19 02:21:25.280040","1","1"
"2018-03-19 13:38:53.423504","1","1"
"2018-03-20 16:34:41.083847","1","1"
"2018-03-21 12:12:06.327906","0","2"
"2018-03-21 19:20:41.637855","-1","1"
"2018-03-24 08:38:23.761684","1","1"
"2018-03-25 11:44:14.963837","1","1"
"2018-03-25 20:37:48.646141","1","1"
"2018-03-26 06:09:52.785071","1","1"
"2018-03-26 22:49:02.693727","1","1"
"2018-03-27 09:43:32.661791","-1","1"
"2018-03-30 08:15:04.973097","-1","1"
"2018-04-01 03:38:53.084374","2","2"
"2018-04-01 07:53:16.938811","1","1"
"2018-04-02 17:22:29.128130","-1","1"
"2018-04-05 06:41:53.720380","1","1"
"2018-04-05 20:41:17.110526","1","1"
"2018-04-05 22:48:58.592037","1","1"
"2018-04-06 06:00:59.612096","-1","1"
"2018-04-07 16:02:00.283846","1","1"
"2018-04-09 15:46:36.426485","-1","1"
"2018-04-09 17:21:31.443301","-1","1"
"2018-04-09 20:01:58.561491","-1","1"
"2018-04-13 05:14:22.339349","1","1"
"2018-04-13 11:20:37.930987","-1","1"
"2018-04-13 21:29:28.608531","1","1"
"2018-04-16 00:18:24.587223","1","1"
"2018-04-16 17:37:50.248961","-1","1"
"2018-04-17 03:33:59.405460","-1","1"
"2018-04-17 10:52:42.344511","-2","2"
"2018-04-19 04:04:47.754483","-1","1"
"2018-04-22 10:42:47.343843","1","1"
"2018-04-25 15:41:33.084565","1","1"
"2018-04-28 10:46:49.269874","1","1"
"2018-04-29 22:28:34.863930","1","1"
"2018-04-30 17:39:32.741798","1","1"
"2018-05-01 20:39:34.710628","-1","1"
"2018-05-05 02:59:37.196843","-1","1"
"2018-05-05 07:53:08.146210","1","1"
"2018-05-06 20:16:59.222766","-1","1"
"2018-05-09 01:51:45.285480","1","1"
"2018-05-10 01:37:59.790768","1","1"
"2018-05-10 03:32:59.157792","-1","1"
"2018-05-11 23:21:42.990041","1","1"
"2018-05-16 03:03:56.474601","1","1"
"2018-05-19 15:41:21.001994","1","1"
"2018-05-20 18:50:21.898875","1","1"
"2018-05-22 09:04:59.740509","1","1"
"2018-05-26 01:27:22.060641","-1","1"
"2018-05-30 16:39:12.513835","1","1"
"2018-06-09 18:01:00.472210","1","1"
"2018-06-10 15:59:57.232943","1","1"
"2018-06-19 11:23:22.970859","1","1"
"2018-06-21 17:26:40.807791","1","1"
"2018-06-25 19:42:52.434704","-1","1"
"2018-06-28 21:43:27.255509","1","1"
"2018-07-06 09:39:26.056886","1","1"
"2018-07-07 21:20:53.032952","1","1"
"2018-07-09 02:04:49.807804","1","1"
"2018-07-10 20:14:03.850601","0","2"
"2018-07-19 01:13:29.965714","1","1"
"2018-07-21 14:10:13.681005","-1","1"
"2018-07-21 16:11:47.686820","1","1"
"2018-07-24 22:51:39.463964","1","1"
"2018-08-03 14:17:29.634447","1","1"
"2018-08-05 21:28:06.426329","-1","1"
"2018-08-29 14:12:02.251464","-1","1"
"2018-08-29 21:28:18.605959","1","1"
"2018-08-30 16:28:37.956853","1","1"
"2018-09-01 02:04:13.077959","1","1"
"2018-09-01 18:56:53.396600","-1","1"
"2018-09-08 01:04:40.625246","-1","1"
"2018-09-08 12:13:40.570400","-1","1"
"2018-09-10 00:59:09.152987","-1","1"
"2018-10-03 04:09:24.245620","1","1"
"2018-10-06 23:08:15.864156","-1","3"
"2018-10-08 04:09:30.226747","1","1"
"2018-10-21 21:29:52.508904","-1","1"
"2018-10-21 22:46:06.566974","-1","1"
"2018-10-24 08:19:10.212741","1","1"
"2018-10-26 17:19:43.092555","-1","1"
"2018-10-26 21:38:01.666704","-1","1"
"2018-10-28 02:59:14.177973","1","1"
"2018-10-30 00:55:04.975649","1","1"
"2018-11-06 03:56:17.115399","-1","1"
"2018-11-06 15:35:02.875004","1","1"
"2018-11-06 20:56:33.513303","-1","1"
"2018-11-09 09:57:12.943291","-1","1"
"2018-11-13 02:21:07.451094","-1","1"
"2018-11-18 06:15:47.744543","1","1"
"2018-11-18 13:48:18.988607","1","1"
"2018-11-23 17:25:45.664575","1","1"
"2018-11-28 13:20:53.024908","1","1"
"2018-11-29 03:43:15.863600","1","1"
"2018-12-02 05:55:35.152710","1","1"
"2018-12-04 10:35:11.968877","-1","1"
"2018-12-08 22:49:59.885614","1","1"
"2018-12-09 20:00:34.231779","-1","1"
"2018-12-11 02:48:15.267221","1","1"
"2018-12-23 09:22:09.135231","-1","1"
"2018-12-31 18:56:12.841112","-1","1"
"2019-01-02 15:17:40.909656","1","1"
"2019-01-02 19:08:29.720083","-1","1"
"2019-01-06 03:51:43.256924","-1","1"
"2019-01-06 20:08:23.077956","1","1"
"2019-01-08 01:22:32.402227","1","1"
"2019-01-08 22:07:09.089683","1","1"
"2019-01-09 14:22:25.557019","1","1"
"2019-01-10 18:58:41.776125","1","1"
"2019-01-11 00:40:02.643406","1","1"
"2019-01-11 23:37:17.575431","-1","1"
"2019-01-21 22:36:56.554823","-1","1"
"2019-01-23 03:47:23.433840","1","1"
"2019-01-24 19:03:41.555320","1","1"
"2019-02-03 05:02:40.430275","-1","1"
"2019-02-04 07:01:35.820113","1","1"
"2019-02-04 21:21:27.768166","1","1"
"2019-02-07 05:11:22.921117","1","1"
"2019-02-10 23:12:06.994683","-1","1"
"2019-02-16 02:51:56.194455","1","1"
"2019-02-21 06:40:06.933466","1","1"
"2019-02-27 04:00:21.060610","1","1"
"2019-02-28 19:48:03.865390","1","1"
"2019-03-02 08:41:21.887715","1","1"
"2019-03-06 20:29:58.251426","1","1"
"2019-03-08 06:21:58.773745","-1","1"
"2019-03-09 03:01:51.004256","1","1"
"2019-03-09 18:27:51.886154","1","1"
"2019-03-12 05:37:45.887754","1","1"
"2019-03-13 01:11:32.218802","-1","1"
"2019-03-26 00:21:14.856833","1","1"
"2019-03-28 19:20:01.876113","1","3"
"2019-03-31 12:38:40.045424","1","1"
"2019-04-01 21:36:13.518817","1","1"
"2019-04-04 02:39:41.620060","-1","1"
"2019-04-14 12:28:37.943874","1","1"
"2019-04-16 01:51:14.534330","1","1"
"2019-04-16 10:58:25.771252","1","1"
"2019-04-16 12:50:02.564921","1","1"
"2019-04-16 18:35:38.407183","1","1"
"2019-04-24 21:30:50.078043","1","1"
"2019-04-25 17:21:40.032229","-1","1"
"2019-04-27 01:54:44.732480","1","1"
"2019-04-27 13:29:31.728967","1","1"
"2019-04-27 20:07:29.203999","-1","1"
"2019-04-28 04:36:18.992700","1","1"
"2019-04-29 09:36:12.872535","1","1"
"2019-05-02 05:23:14.870922","1","1"
"2019-05-05 16:45:05.057263","-1","1"
"2019-05-06 10:12:50.622553","1","1"
"2019-05-08 03:12:59.616838","1","1"
"2019-05-11 11:43:07.445554","1","1"
"2019-05-13 04:37:48.915511","-1","1"
"2019-05-14 08:12:20.341672","1","1"
"2019-05-16 16:39:04.951877","1","1"
"2019-06-04 09:32:18.129703","-1","1"
"2019-06-05 15:50:54.373845","1","1"
"2019-06-06 15:33:49.577505","1","1"
"2019-06-08 21:54:13.649838","1","1"
"2019-06-20 12:08:54.402765","-1","1"
"2019-06-27 21:38:31.665136","1","1"
"2019-06-30 11:29:25.149642","0","2"
"2019-07-05 21:44:01.271190","-1","1"
"2019-07-13 17:04:07.855621","0","2"
"2019-07-16 04:35:53.056398","-1","1"
"2019-07-18 23:07:55.308444","1","1"
"2019-07-19 22:07:36.616113","1","1"
"2019-07-21 20:55:34.940767","1","1"
"2019-07-23 01:58:13.796626","1","1"
"2019-07-23 12:14:06.839070","1","1"
"2019-07-24 08:56:49.346427","1","1"
"2019-07-26 17:37:31.668932","1","1"
"2019-07-28 19:57:29.803901","1","1"
"2019-07-29 01:18:37.284374","1","1"
"2019-07-29 04:15:15.673105","1","1"
"2019-07-29 14:40:08.967332","-2","2"
"2019-08-02 03:10:37.072088","1","1"
"2019-08-02 12:39:52.872731","-1","1"
"2019-08-03 15:52:03.820991","1","1"
"2019-08-17 02:29:54.411246","0","2"
"2019-08-20 04:38:30.214585","1","1"
"2019-08-22 22:44:21.892636","-1","1"
"2019-08-24 16:48:43.721199","1","1"
"2019-08-25 07:36:24.137295","-1","1"
"2019-08-30 22:49:44.257492","1","1"
"2019-09-02 07:38:58.899410","1","1"
"2019-09-09 01:17:30.074844","-1","1"
"2019-09-20 09:00:06.782713","1","1"
"2019-09-27 17:25:06.772972","1","1"
"2019-10-19 23:17:22.329181","1","1"
"2019-10-22 16:41:38.222648","1","1"
